Area Code,Area,Y1961,Y1962,Y1963,Y1964,Y1965,Y1966,Y1967,Y1968,Y1969,Y1970,Y1971,Y1972,Y1973,Y1974,Y1975,Y1976,Y1977,Y1978,Y1979,Y1980,Y1981,Y1982,Y1983,Y1984,Y1985,Y1986,Y1987,Y1988,Y1989,Y1990,Y1991,Y1992,Y1993,Y1994,Y1995,Y1996,Y1997,Y1998,Y1999,Y2000,Y2001,Y2002,Y2003,Y2004,Y2005,Y2006,Y2007,Y2008,Y2009,Y2010,Y2011,Y2012,Y2013,Y2014,Y2015,Y2016,Y2017,Y2018,Y2019,Y2020,Y2021,Y2022,Y2023
2,Afghanistan,1022.0,973.5,831.7,951.0,972.3,866.6,1123.2,1156.2,1185.5,956.3,814.9,845.7,1173.9,1207.4,1212.8,1249.4,1130.9,1198.0,1231.7,1254.9,1235.0,1229.9,1258.0,1231.9,1227.7,1189.0,1284.9,1172.8,1118.0,1051.0,1021.3,1031.3,1021.1,1025.0,1089.5,1122.0,1276.4,1296.4,1232.9,724.0,897.7,1541.9,1500.0,1265.9,1821.5,1376.0,1818.3,1226.3,1966.6,1925.2,1517.9,2010.4,2024.8,2023.7,2195.9,1980.3,2034.2,2210.0,2095.1,1943.4,1963.1,2045.3,2146.7
3,Albania,773.1,1052.2,712.7,962.5,1134.4,1239.8,1355.0,1412.4,1638.9,1537.7,1873.5,1900.0,2009.7,2062.5,1937.5,2552.6,2450.0,2450.0,2490.0,2519.8,2532.1,2688.6,3087.9,3157.9,3140.6,2894.5,3103.1,3201.0,2930.2,3019.7,2069.8,2438.8,2997.6,2474.5,2870.3,2174.1,2851.6,2803.7,2495.4,3045.5,2822.0,3161.7,2862.9,3113.0,3158.2,3078.7,3549.6,4016.8,4022.9,3990.5,4230.1,4109.6,4129.2,4000.1,3951.1,3900.0,4036.7,3692.7,4068.0,4327.1,4130.5,4296.3,4053.9
4,Algeria,406.0,804.5,832.6,531.7,605.7,425.2,633.3,689.9,603.4,624.5,613.3,670.1,493.4,495.7,831.3,710.1,433.7,580.9,555.3,729.7,672.0,596.5,563.5,573.0,886.1,808.4,777.7,600.6,782.1,631.5,1080.9,993.9,809.7,799.9,892.4,1309.0,801.6,884.7,1071.1,919.4,1110.4,1073.9,1448.0,1358.2,1505.7,1506.8,1274.2,1103.8,1597.5,1483.8,1740.5,1763.9,1910.0,1475.3,1464.0,1183.3,1150.1,2043.3,1963.0,1681.1,1584.3,1666.7,1388.9
7,Angola,1111.1,1111.1,1111.1,928.6,1111.1,1100.0,1350.0,1350.0,943.0,854.6,913.0,1159.2,886.7,1306.5,1000.0,1000.0,769.2,588.2,533.3,583.3,631.6,625.0,625.0,625.0,625.0,800.0,800.0,800.0,800.0,799.5,800.0,800.0,886.2,1000.0,1186.5,1375.8,1552.9,1714.3,1739.1,1702.5,1666.7,1548.5,1387.9,1241.2,1086.0,1000.0,1000.0,1000.0,1000.0,1052.6,1095.9,1131.7,999.1,977.9,962.2,946.6,931.0,915.3,879.8,652.0,931.0,931.0,931.0
9,Argentina,1295.0,1522.2,1575.1,1835.3,1321.2,1198.2,1259.5,983.3,1352.3,1329.4,1266.7,1591.1,1657.4,1410.3,1626.0,1704.5,1361.2,1739.6,1693.4,1559.6,1401.4,2050.1,1840.5,2306.8,1617.7,1781.9,1884.7,1834.4,1894.7,1894.7,1897.2,2180.9,2327.2,2023.7,2167.5,1934.4,2242.6,2608.8,2302.8,2487.3,2493.4,2239.8,2036.1,2544.1,2635.6,2530.2,2623.4,2827.1,1962.8,2711.3,3506.3,3219.9,2658.1,2661.9,2810.0,2862.3,3304.7,3180.6,3216.0,2938.7,2759.5,3382.5,2287.6
10,Australia,1129.1,1253.3,1338.7,1384.1,997.0,1507.0,831.0,1365.0,1111.8,1217.9,1205.7,866.6,1339.6,1367.1,1400.6,1317.5,941.3,1765.1,1451.5,962.2,1376.5,770.5,1702.6,1545.5,1369.5,1447.6,1364.5,1578.7,1578.7,1634.4,1634.4,1469.8,1781.2,1965.8,1135.6,1789.9,2167.3,1841.2,1859.6,2006.6,1820.9,2107.6,907.0,1999.8,1634.8,2021.3,917.3,1078.8,1583.1,1572.9,2030.1,2151.1,1760.9,2006.1,1917.2,1974.3,2610.0,1917.8,1691.7,1468.1,2524.9,2847.0,3187.5
11,Austria,2580.2,2612.2,2509.9,2652.4,2396.9,2858.1,3304.9,3417.5,3317.2,2944.5,3557.7,3146.1,3526.8,4093.8,3506.3,4263.4,3758.8,4177.1,3145.7,4467.3,3737.0,4276.7,4530.0,4763.2,4886.2,4360.5,4528.4,5343.6,4901.5,5047.9,5073.5,5393.8,4224.6,5208.8,5085.6,5006.9,5204.4,5074.9,5434.8,4468.8,5241.2,4966.7,4380.1,5923.4,5028.6,4906.6,4776.3,5693.5,4929.5,5011.7,5854.9,4138.8,5374.3,5921.7,5696.2,6253.4,4871.2,4645.3,5737.2,5923.4,5529.9,5795.2,6187.7
16,Bangladesh,573.8,675.3,606.9,601.1,646.7,647.3,792.6,758.0,796.4,874.0,888.0,903.8,757.2,898.7,926.0,1453.5,1621.1,1841.9,1866.0,1899.0,1847.9,1811.4,2109.0,2302.1,2164.7,1928.2,1865.7,1754.2,1824.6,1503.4,1676.7,1853.4,1845.7,1839.0,1948.3,1953.1,2054.4,2240.8,2162.7,2210.4,2164.3,2164.4,2132.7,1952.7,1747.8,1534.4,1847.1,2175.3,2151.6,2395.9,2601.2,2778.9,3013.8,3031.9,3086.0,3031.0,3157.6,3130.2,3078.0,3097.0,3299.6,3450.0,3494.6
18,Bhutan,1020.4,1020.0,1019.6,1019.2,1018.9,1018.2,1017.5,1016.9,1016.4,1015.9,1015.4,1014.9,1014.5,1014.1,1013.7,1013.3,1000.0,1000.0,1000.0,1000.0,1094.1,1052.6,1100.0,1136.6,1000.0,916.7,800.0,639.6,638.6,769.2,833.3,909.1,1166.7,1250.0,1300.0,1416.7,1538.5,1538.5,1538.5,945.7,1000.0,1126.9,1423.9,1365.6,1275.4,1348.1,1292.1,1765.5,1437.1,2163.7,2668.6,2247.1,2339.2,2234.1,1901.6,1675.1,1823.7,1267.7,1313.0,1632.1,1262.4,1075.3,1145.6
19,Bolivia (Plurinational State of),562.5,500.0,518.9,522.9,873.0,550.0,600.0,600.0,695.4,700.0,786.2,833.3,827.8,848.9,803.4,863.9,653.0,645.6,690.9,599.2,694.3,684.5,604.5,793.6,741.5,764.2,807.9,767.0,696.2,648.0,933.9,808.8,1032.0,751.9,974.6,749.0,1064.1,904.2,867.7,849.2,989.0,885.0,987.8,1066.5,1074.1,1111.3,921.0,1293.1,1286.2,1392.0,973.1,918.6,1116.7,1065.2,1720.8,1433.4,884.8,1511.7,1199.3,1522.0,1675.2,1445.5,1267.2
20,Botswana,2500.0,2500.0,2500.0,2500.0,2500.0,2368.4,2368.4,2384.2,2236.7,1894.7,2500.0,2500.0,2068.0,2037.0,2037.0,2111.1,2000.0,2000.0,2000.0,2000.0,2000.0,2000.0,2000.0,2000.0,2000.0,2000.0,2000.0,2000.0,2000.0,2617.8,2226.8,2147.4,2068.1,1988.7,1909.3,1892.9,1721.8,1666.7,1632.3,1586.2,1571.4,1454.9,1366.5,1268.6,1161.2,1045.6,900.0,800.0,853.19,906.38,959.57,1012.76,1065.95,1119.14,1172.3300000000002,1225.52,1278.71,1331.9,608.1,1361.5,1502.3,2200.0,1007.5
21,Brazil,533.0,949.1,494.5,876.5,763.6,857.3,757.4,882.5,976.2,973.1,886.5,423.7,1104.4,1156.8,610.0,908.4,655.2,957.2,764.1,865.3,1150.8,646.0,1190.3,1138.7,1614.0,1446.6,1765.4,1652.8,1692.5,1154.0,1423.2,1429.5,1482.5,1554.1,1542.0,1833.4,1635.9,1611.1,1969.9,1515.6,1948.8,1475.4,2403.5,2072.8,1973.5,1592.7,2219.9,2549.7,2080.2,2828.8,2660.2,2310.0,2749.1,2208.8,2227.8,3155.1,2279.0,2629.2,2657.8,2607.9,2862.1,3265.8,2321.2
27,Bulgaria,1541.6,1666.9,1592.0,1773.6,2548.6,2795.9,3058.0,2404.8,2472.5,2990.3,3054.2,3727.9,3488.6,3356.3,3285.2,3824.0,3717.7,3708.0,3503.4,3975.0,4303.5,4636.8,3199.3,4293.1,2874.9,3839.9,3822.1,4014.4,4766.1,4551.4,3748.0,3107.1,2858.0,2844.7,2908.5,1881.8,2950.2,2805.8,2735.2,2842.1,3008.1,3012.3,2382.8,3810.0,3156.7,3402.6,2197.3,4167.4,3187.3,3618.5,3919.7,3759.6,4188.5,4217.2,4531.6,4748.3,5358.3,4912.9,5272.2,4039.3,6087.8,5343.8,5614.5
29,Burundi,444.4,714.3,698.1,649.1,672.1,677.4,688.5,784.0,546.1,580.5,615.7,541.1,706.9,521.2,646.6,762.4,800.0,548.4,766.7,665.6,630.5,600.0,600.0,888.9,482.0,1083.3,1108.1,737.8,817.7,747.8,733.3,712.0,778.7,882.4,744.0,775.5,777.4,814.8,708.5,677.4,866.7,829.0,789.5,832.6,738.7,800.7,840.7,843.1,858.3,731.7,697.3,444.8,727.6,576.3,683.3,386.1,398.2,1409.2,640.2,715.0,722.9,734.0,732.1
33,Canada,752.9,1418.3,1765.1,1360.4,1543.2,1873.9,1323.9,1485.5,1808.4,1786.4,1835.1,1679.9,1687.6,1488.4,1802.0,2096.3,1963.2,1998.7,1634.1,1721.2,1995.9,2133.6,1934.5,1609.9,1766.5,2205.2,1927.9,1229.3,1807.6,2276.9,2255.9,2160.3,2202.7,2127.5,2246.7,2430.4,2128.5,2255.0,2597.1,2444.6,1945.2,1832.4,2256.5,2640.9,2738.1,2609.6,2331.7,2857.5,2789.7,2808.5,2956.8,2874.3,3598.0,3081.8,2892.5,3580.5,3381.5,3274.2,3383.4,3537.4,2437.5,3405.6,2991.3
39,Chad,1111.1,1272.7,1500.0,1459.5,1793.0,1706.6,2222.2,1145.8,1571.4,1568.2,1556.5,1732.8,2333.3,3600.0,3571.4,1904.8,1333.3,1666.7,2000.0,2000.0,1866.7,1633.3,909.1,600.3,1191.0,743.3,1000.0,1065.2,1500.0,1500.0,1382.2,2120.1,2136.3,2229.7,999.6,2249.6,3000.0,2022.6,1434.0,1433.6,1493.3,2000.0,1445.0,1472.5,1500.0,1000.0,1865.1,1800.0,2000.0,2500.7,492.3,2500.0,2642.1,1300.6,1400.6,2000.0,1968.4,2244.0,1871.2,1809.6,1922.5,1865.3,1929.7
40,Chile,1339.8,1261.4,1512.1,1548.9,1534.7,1726.2,1675.0,1742.0,1634.1,1765.4,1880.5,1679.0,1398.8,1644.5,1461.8,1242.1,1941.6,1540.1,1775.5,1770.1,1587.3,1739.4,1631.4,2096.8,2300.9,2856.5,2770.1,3007.5,3267.7,2948.1,3405.7,3378.7,3350.0,3515.7,3550.0,3327.8,4017.4,4384.6,3534.2,3812.0,4299.9,4272.2,4323.0,4571.0,4413.0,4460.1,4785.9,4574.8,4080.9,5765.8,5806.0,4946.8,5814.3,5329.0,5632.6,6070.6,5996.6,6213.7,6286.0,6003.8,5982.1,5891.7,5951.0
351,China,559.1,694.1,778.2,821.5,1022.2,1058.6,1127.5,1114.9,1085.6,1147.6,1271.8,1369.5,1333.7,1511.6,1639.7,1775.4,1465.0,1844.9,2139.5,1891.4,2109.1,2451.7,2801.7,2969.1,2936.7,3040.3,2982.9,2967.9,3043.0,3194.1,3100.4,3331.2,3518.8,3426.3,3541.5,3734.1,4101.9,3685.2,3946.6,3738.2,3806.1,3776.6,3931.8,4251.9,4275.3,4593.5,4607.6,4762.0,4739.0,4748.4,4837.4,4986.8,5055.3,5243.3,5392.3,5396.1,5483.8,5416.3,5629.4,5741.6,5810.2,5855.2,5780.8
41,"China, mainland",557.8,692.9,778.0,821.1,1021.7,1058.0,1127.0,1114.6,1085.5,1147.5,1271.8,1369.5,1333.7,1511.6,1639.7,1775.4,1465.0,1844.9,2139.5,1891.4,2109.1,2451.7,2801.7,2969.1,2936.7,3040.2,2982.9,2967.9,3043.0,3194.1,3100.4,3331.2,3518.8,3426.3,3541.5,3734.1,4101.9,3685.2,3946.6,3738.2,3806.1,3776.6,3931.8,4251.9,4275.3,4593.5,4607.6,4762.0,4739.0,4748.6,4837.6,4986.9,5055.6,5243.5,5392.7,5396.5,5484.1,5416.6,5629.8,5742.1,5810.6,5855.4,5781.1
214,"China, Taiwan Province of",2033.5,2067.5,1134.9,2072.2,2112.8,1965.1,2006.9,2218.5,2135.2,1829.3,2264.5,2300.6,2386.0,2427.6,2399.1,2438.2,2306.5,2080.8,2580.3,2496.9,2659.5,2295.6,1268.2,2320.6,2018.0,3256.6,3650.6,3438.4,3537.8,2702.3,3009.2,3085.6,3490.1,3250.4,3368.1,3386.0,4250.0,2444.4,4631.6,3527.8,3441.2,3638.9,3520.0,3216.2,3161.3,4044.8,4228.6,4424.2,4493.8,2725.3,2163.0,3344.2,1988.9,3083.3,2354.0,1551.4,2248.7,2408.5,1887.1,2000.0,1500.0,3000.0,3000.0
44,Colombia,888.1,1080.0,796.5,850.0,916.7,1136.4,1176.5,1166.7,1254.6,1182.8,1134.3,1140.0,1281.4,1303.8,1292.4,1381.1,875.0,1269.4,1364.9,1215.2,1597.4,1560.7,1680.3,1382.3,1710.1,1768.4,1818.6,1631.9,1717.7,1848.3,1985.2,1749.0,1877.3,2054.7,2119.3,2182.4,2124.3,2049.7,2153.7,1599.2,1510.6,1735.3,1949.6,1887.9,2337.1,1549.0,1870.9,1815.1,1694.6,1769.7,1596.4,1519.6,1693.8,1478.5,1853.9,1594.1,2094.1,1888.7,2079.4,2483.2,2678.8,2821.3,3118.0
50,Cyprus,579.2,967.9,947.4,683.5,1454.3,918.0,1603.3,1084.9,1265.8,551.7,1182.8,1012.6,48.2,1110.0,1215.1,1201.0,852.1,1265.7,1161.6,1371.3,1226.8,1197.8,1193.4,1495.0,1770.3,1278.5,2402.6,2429.0,1495.3,2039.2,1142.9,2100.0,2340.0,2424.2,3013.7,3513.5,2190.5,1982.8,2121.2,1626.0,1944.4,2186.4,1976.5,1332.9,1757.0,1395.1,2026.1,495.4,2549.9,2411.5,2241.3,2681.1,2193.5,724.5,2954.0,823.0,1912.0,1502.9,2782.8,2671.5,2104.7,2336.6,2192.9
116,Democratic Peoples Republic of Korea,506.0,527.3,569.7,601.2,539.9,600.0,568.8,561.3,586.7,606.9,674.1,696.0,852.2,971.4,1115.8,1200.0,1352.9,1305.9,1352.9,1164.7,1341.2,1423.5,1458.8,1552.9,1494.1,1588.9,1477.8,1422.2,1612.5,1288.9,1311.6,1345.2,1398.7,1450.5,1484.9,1333.3,1333.3,2357.1,2020.8,847.5,2162.8,2301.6,2333.3,2500.0,2506.5,2487.5,2437.5,2397.3,2262.4,2191.8,2015.9,1480.0,1500.0,1500.0,1375.0,1238.1,1203.8,1250.6,1226.4,1230.8,1230.8,1230.8,1230.8
250,Democratic Republic of the Congo,709.0,990.0,964.0,1028.0,1000.0,1100.0,934.1,1000.0,1140.0,530.0,491.9,434.0,496.1,629.6,648.1,666.7,636.4,666.7,591.8,607.8,596.2,592.6,607.1,596.5,586.2,1163.4,930.0,915.3,926.4,925.9,925.5,1235.6,1280.3,1281.3,1292.9,1290.1,1289.4,1290.4,1285.0,1284.9,1285.0,1287.2,1212.9,1284.2,1285.0,1284.9,1284.9,1284.9,1285.1,1285.4,1298.6,1311.6,1304.4,1303.5,1309.1,1288.0,1258.8,1225.8,1189.4,1125.0,1125.0,1125.0,1125.0
54,Denmark,4120.5,4183.0,3669.8,4225.7,4457.3,4275.2,4652.5,4813.7,4361.5,4485.9,4853.8,4393.9,4412.9,5350.2,5101.7,4683.7,5220.7,5270.5,5161.6,4684.2,5558.0,6673.0,6400.4,7323.0,5825.6,6168.4,5747.4,6752.1,7253.4,7418.0,7074.9,6151.0,6979.1,6494.8,7563.3,6986.4,7205.7,7247.6,7007.4,7479.7,7355.9,7034.5,7076.8,7140.6,7232.8,6996.4,6561.0,7863.8,8037.3,6626.4,6467.2,7368.7,7299.2,7783.3,7952.7,7206.7,8240.9,6162.4,8095.7,8098.7,7526.7,8376.0,7272.5
58,Ecuador,992.4,789.7,790.1,668.1,889.7,965.0,986.9,1044.2,938.8,1062.6,901.7,903.4,971.7,977.4,920.5,850.0,973.1,1075.4,1029.0,969.3,1114.1,1165.8,1045.0,1027.5,1019.2,803.1,796.1,867.1,666.5,796.7,569.6,591.1,671.1,616.2,695.1,617.6,597.6,648.4,700.1,620.8,610.0,569.6,798.0,805.3,722.0,777.4,818.6,746.6,861.7,891.2,924.9,799.5,706.4,1120.4,716.5,1525.0,1292.4,1714.2,1644.6,2186.8,1805.1,1690.8,985.4
59,Egypt,2469.7,2606.4,2642.5,2755.1,2644.5,2703.0,2450.9,2534.9,2404.9,2756.1,3040.6,3091.2,3692.6,3268.6,3472.2,3344.7,3332.0,3334.4,3160.6,3117.5,3297.4,3496.2,3599.6,3666.8,3759.0,3802.8,4715.8,4751.0,4941.6,5196.7,4816.3,5254.6,5297.0,5002.6,5422.1,5638.4,5599.4,5989.6,6346.7,6342.2,6358.0,6434.5,6500.1,6556.7,6492.9,6430.3,6467.3,6503.1,6382.9,5574.1,6542.8,6582.3,6668.2,6175.2,6591.9,6631.1,6859.7,6294.2,6500.3,6366.3,6850.5,6698.9,7185.2
209,Eswatini,2789.5,2789.5,2789.5,2789.5,2789.5,2789.5,2789.5,2789.5,2789.5,2789.5,4534.5,3083.3,2938.4,2937.8,1468.4,2042.1,3250.0,3250.0,3250.0,3250.0,3250.0,3250.0,3250.0,3250.0,3250.0,3250.0,3250.0,3250.0,3250.0,3964.1,2000.0,1678.1,1605.1,1428.6,1500.0,1500.0,1560.3,1590.9,1500.0,1500.0,1541.3,1539.2,1542.8,1543.8,1545.1,1552.0,1477.3,1566.0,1500.0,1500.0,1684.7,2000.0,2000.0,1940.0,1750.7,1832.5,1855.0,1858.7,1869.8,1861.2,1863.2,1864.8,1863.1
67,Finland,1943.6,1475.3,1662.5,1723.8,1874.6,1761.5,2011.1,2141.7,2365.6,2332.2,2563.0,2586.2,2461.4,2730.7,2840.5,2977.2,2314.8,2081.3,2102.9,2869.7,2184.0,3046.9,3443.0,3105.8,3007.0,3191.2,2020.8,2603.8,3348.7,3484.7,3639.1,2415.2,3621.2,3795.3,3768.6,4082.7,3718.8,2892.9,2158.9,3600.7,3381.1,3258.5,3549.4,3473.8,3730.4,3557.5,3932.9,3640.8,4102.7,3429.9,3846.9,3902.8,3821.5,4069.6,4103.0,3830.3,4127.6,2821.1,4626.4,3453.8,3235.2,3843.7,3268.6
68,France,2395.0,3075.2,2662.4,3153.4,3265.5,2829.6,3636.5,3664.1,3580.9,3422.3,3861.4,4569.8,4506.7,4584.4,3873.4,3772.2,4230.3,5032.3,4782.0,5181.0,5011.0,5236.0,5127.4,6459.7,5999.9,5448.7,5558.4,6150.9,6348.0,6478.7,6676.4,6399.2,6473.9,6668.5,6507.9,7136.1,6628.8,7606.3,7239.5,7117.5,6616.9,7445.5,6250.0,7578.8,6988.7,6741.4,6254.2,7101.8,7447.8,7040.5,6656.3,7151.2,7265.6,7353.0,7800.8,5289.6,7253.8,6768.0,7742.8,6677.6,6928.4,6996.7,7201.6
79,Germany,2860.7,3389.8,3393.4,3484.5,3232.1,3232.5,4021.6,4216.2,3887.7,3726.4,4422.9,4038.0,4347.7,4625.7,4318.8,3934.4,4355.3,4886.9,4777.6,4738.9,4879.7,5243.3,5208.4,5933.1,5829.5,6091.9,5775.7,6226.6,5681.5,6273.4,6771.2,5981.1,6584.1,6768.4,6888.2,7293.2,7290.2,7203.5,7541.1,7282.6,7882.7,6905.6,6498.5,8171.6,7465.1,7200.7,6961.1,8087.3,7809.1,7212.0,7013.9,7331.2,7997.9,8629.6,8087.7,7640.9,7644.3,6673.7,7396.4,7819.5,7301.5,7577.3,7431.8
84,Greece,1302.6,1443.3,1314.2,1653.0,1646.9,1784.0,1841.9,1428.4,1598.6,1980.6,1992.6,1997.7,1990.5,2350.4,2291.9,2552.1,1881.3,2721.3,2430.1,2934.8,2755.6,2877.8,2092.5,2671.3,2046.4,2631.1,2597.1,2815.2,3016.3,1933.2,3118.3,2431.5,2295.2,2751.0,2634.1,2414.9,2417.2,2437.9,2391.0,2666.6,2509.6,2343.2,2007.6,2475.7,2405.8,2285.9,2235.3,2776.9,2743.6,2604.4,2700.4,2665.0,2777.7,2746.6,2905.0,2892.8,2928.4,2652.6,2793.9,3077.3,2820.3,2917.1,2919.3
89,Guatemala,731.9,820.0,937.1,930.4,991.4,958.0,868.7,1097.5,1031.3,1100.3,1224.2,1369.5,1685.3,1176.4,1175.7,1305.5,1244.5,1137.7,1571.5,1461.5,1755.6,1641.3,2097.6,2816.8,1707.9,1998.6,2002.6,1996.6,1999.3,1998.3,2012.4,2000.0,1992.4,2102.5,2098.7,2102.0,2040.8,1972.1,1963.3,2093.4,2963.8,1914.6,2024.9,2018.4,2128.8,2271.2,2222.9,2401.3,2213.1,2057.4,2050.9,2167.7,2024.0,2177.1,2125.5,2128.8,2126.7,2109.1,2145.1,2147.0,2139.6,2139.6,2139.6
95,Honduras,782.4,808.4,829.5,803.4,877.1,876.2,874.2,879.9,829.5,829.5,852.6,875.0,875.0,833.3,833.3,833.3,833.3,1000.0,777.8,777.8,636.4,636.4,590.9,590.9,600.0,600.0,590.9,566.7,583.3,576.9,581.5,592.6,582.1,607.1,594.7,600.4,666.7,500.0,475.0,525.7,530.2,530.4,500.0,527.3,531.2,535.3,539.5,543.8,575.0,550.8,542.1,548.8,550.0,542.1,540.8,538.4,537.1,536.6,536.2,537.9,540.8,530.7,536.4
97,Hungary,1909.5,1788.8,1570.8,1855.7,2170.3,2171.1,2589.5,2524.4,2714.1,2137.0,3080.9,3109.0,3479.3,3752.0,3203.6,3884.5,4056.6,4287.1,3266.7,4764.3,4009.8,4399.9,4417.3,5433.0,4844.9,4362.2,4419.2,5485.8,5264.3,5077.1,5190.0,4070.0,3064.9,4603.3,4164.4,3278.0,4215.3,4139.0,3594.8,3604.4,4310.5,3521.2,2640.8,5117.4,4500.0,4071.9,3587.5,5002.4,3854.6,3703.8,4199.4,3748.5,4638.6,4728.8,5179.6,5365.4,5428.7,5124.4,5294.9,5468.0,5925.4,4448.1,5642.3
100,India,850.7,889.6,792.9,729.9,913.2,826.8,887.4,1102.8,1168.8,1208.6,1306.6,1379.9,1270.8,1171.9,1338.4,1410.3,1386.6,1479.8,1568.3,1435.6,1629.9,1691.3,1815.8,1843.2,1870.1,2046.0,1916.2,2001.9,2244.4,2121.1,2281.4,2394.0,2326.7,2379.6,2559.0,2482.8,2678.9,2485.2,2590.1,2778.5,2708.1,2762.1,2610.0,2713.2,2601.6,2618.8,2707.9,2802.2,2907.1,2839.5,2988.6,3177.5,3153.8,3145.7,2749.6,3033.9,3199.9,3368.2,3533.4,3439.8,3520.8,3537.3,3520.7
102,Iran (Islamic Republic of),797.0,776.0,725.9,708.8,776.1,800.0,800.0,800.0,800.0,800.1,726.0,831.2,808.4,797.7,918.9,1049.4,1012.2,1040.1,1125.8,982.5,901.7,1075.6,985.8,1082.0,1070.4,1198.7,1153.3,1108.0,960.5,1276.1,1419.9,1533.0,1576.6,1602.8,1709.6,1582.7,1594.7,1934.6,1830.1,1585.6,1703.3,1995.0,2096.9,2205.6,2058.5,2131.7,2199.7,1334.3,1819.2,1833.7,1360.8,1348.2,1453.8,1745.3,2015.9,2461.2,2280.3,2462.8,2338.7,2255.0,2000.0,2129.0,2258.1
103,Iraq,779.4,775.4,574.4,620.8,718.1,635.4,637.0,1024.7,910.0,882.9,867.2,1374.3,827.9,819.8,600.6,868.7,811.2,608.3,635.4,710.1,756.4,826.0,705.9,955.8,912.5,835.5,840.8,892.5,837.4,1012.9,805.6,599.9,589.7,743.1,805.2,866.7,756.6,807.1,615.4,320.0,740.5,1570.3,1359.0,1189.8,873.8,1378.3,1403.1,1367.8,1875.6,1987.2,1955.2,2418.1,2306.8,2396.4,2861.7,3318.1,2839.2,2778.9,2814.4,2944.5,2659.7,2771.4,2546.5
104,Ireland,3367.6,3454.8,3192.1,3130.4,3156.0,3487.7,3879.7,4556.3,4394.6,4023.4,4181.1,3977.3,3914.3,4296.7,4374.6,3969.5,5165.3,5120.2,5159.1,5132.1,5801.2,7005.3,6559.3,7787.8,6338.0,5571.6,7065.0,7764.5,7561.8,8530.7,7864.6,7880.8,6805.6,7719.3,8246.1,8996.5,7721.0,8031.0,8766.5,9453.8,9060.1,8444.0,8297.8,9924.1,8431.7,9154.3,8462.6,8968.4,8166.9,8601.5,9864.1,7223.5,8998.3,10014.0,10667.7,9539.0,10167.2,8373.2,9378.7,7765.9,10076.7,10430.5,8675.3
105,Israel,1047.7,1086.4,1044.9,2265.8,2083.8,1316.4,2365.6,1714.8,1382.0,1163.7,1766.3,2773.4,2400.4,2454.5,2328.5,1898.9,2117.8,1920.9,1556.4,2593.5,2069.5,1640.8,3264.8,1505.2,1552.2,1866.0,3140.1,2393.4,2197.2,3203.1,2132.7,2892.3,2718.3,1315.7,3037.1,2284.8,1405.5,1807.7,456.4,1465.3,1943.1,2116.2,2531.2,2188.3,2345.8,1545.3,1850.1,1145.7,2064.6,1750.7,2340.3,3267.1,2783.9,2269.5,3405.5,3844.4,1611.6,1332.7,2052.1,2301.1,1334.6,1208.7,1726.2
106,Italy,1910.3,2084.7,1849.4,1947.7,2279.6,2199.2,2391.8,2255.9,2272.4,2341.2,2556.0,2433.0,2454.3,2579.7,2674.6,2569.4,2230.8,2647.0,2601.3,2686.5,2709.8,2695.9,2615.5,3072.0,2788.6,2902.8,3039.0,2765.0,2518.4,2924.3,3509.4,3550.6,3553.3,3479.6,3201.3,3317.0,2856.3,3581.8,3243.4,3213.3,2801.3,3124.7,2748.2,3669.8,3635.2,3729.5,3413.7,3868.9,3585.9,3742.1,3833.5,4129.3,3844.1,3810.7,3928.0,4203.0,3856.2,3899.9,3840.9,3924.8,4224.8,3720.0,3691.7
110,Japan,2745.5,2540.5,1225.8,2447.9,2704.3,2431.1,2719.3,3139.0,2645.4,2066.3,2647.6,2496.9,2700.9,2798.3,2686.4,2496.1,2748.8,3274.1,3632.9,3049.7,2617.6,3256.4,3031.0,3193.2,3735.9,3567.0,3185.9,3620.6,3469.0,3654.0,3179.7,3537.1,3473.9,3718.2,2931.9,3016.4,3638.7,3511.1,3454.4,3760.7,3554.6,4001.0,4033.5,4046.6,4097.0,3835.1,4340.0,4220.3,3236.7,2761.2,3528.6,4100.4,3861.6,4009.4,4711.4,3688.4,4270.8,3609.7,4900.8,4465.2,4986.4,4370.9,4721.6
112,Jordan,505.8,392.9,368.5,993.4,996.4,472.9,739.9,435.3,971.3,243.0,689.0,945.2,444.7,993.0,422.0,486.7,494.1,396.2,166.4,1002.7,510.5,512.4,910.9,774.0,665.9,661.9,997.8,1126.9,1008.0,1446.1,1202.2,1469.3,1519.5,1576.7,1441.4,1505.4,1101.8,1247.6,2263.3,1397.1,1434.5,1336.7,1428.0,1227.3,1173.1,851.7,1011.4,629.0,786.2,1030.7,1381.8,1239.1,1333.9,1192.6,985.2,1293.2,1483.7,1504.5,2392.5,2237.5,2097.3,1891.7,2204.6
114,Kenya,1090.7,921.2,1119.7,1197.3,1513.2,1183.4,1341.4,1625.1,1728.2,1613.2,1694.7,1444.9,1362.8,1641.3,1519.8,1673.1,1484.7,1471.6,1771.5,2156.7,2146.1,2083.3,2108.3,1377.0,1890.0,1866.6,1482.4,1633.0,1583.9,1655.1,1848.4,1935.9,1379.5,2216.4,2106.4,2011.2,1613.2,1895.1,1653.4,1549.2,1989.0,2121.7,2505.5,2482.7,2313.1,2187.5,3094.0,2584.5,1666.5,3199.1,2041.5,2972.0,2760.2,1554.9,1984.1,1402.2,1258.1,2528.0,2628.7,3060.6,2795.5,3083.9,2963.3
121,Lebanon,995.6,1096.3,1090.9,850.0,719.9,1028.1,1017.6,700.5,763.0,904.2,848.4,1261.0,1100.0,1452.9,1250.0,1081.1,1111.1,1000.0,888.9,1333.3,1294.1,1277.8,1111.1,1200.0,1323.5,1500.0,1950.0,2000.2,2150.0,1970.4,2229.9,2280.7,2291.7,2224.4,2476.5,2472.6,1626.3,2066.7,1881.4,2702.5,3199.5,2735.6,2538.9,2934.4,2903.0,2899.8,2200.8,2879.8,2799.0,2781.5,2968.3,3124.5,3256.7,3804.3,3475.0,3149.0,3015.6,3250.0,3170.7,3414.6,2222.2,2500.0,2500.0
122,Lesotho,864.8,785.7,785.7,771.4,716.3,814.6,681.2,650.3,627.1,656.1,609.3,225.6,480.0,744.2,822.5,799.0,1472.8,1359.0,952.5,973.8,852.5,605.3,510.6,580.3,508.2,578.6,671.9,643.3,680.4,811.8,195.9,858.0,733.0,419.9,616.6,1410.8,1629.1,1481.0,738.8,654.7,2051.5,717.2,587.9,640.1,723.4,360.2,200.2,131.4,230.2,1469.3,996.5,864.1,1234.5,910.4,849.9,593.7,1293.4,939.1,624.8,697.0,461.4,810.7,598.4
124,Libya,282.9,210.0,227.3,186.7,316.3,296.4,271.0,228.5,291.3,173.5,331.4,379.0,452.0,291.5,374.7,448.8,238.4,373.0,416.7,516.5,570.7,776.9,845.7,714.5,745.0,863.6,898.2,833.9,809.7,1231.7,1238.1,1020.2,840.0,774.2,731.3,729.4,1009.0,875.0,787.9,778.4,756.9,782.3,762.2,768.5,757.6,787.9,787.9,787.9,789.5,777.2,773.0,785.6,785.0,772.5,766.2,758.7,753.0,749.2,773.7,771.5,770.3,765.6,758.5
130,Malawi,1500.0,1500.0,1618.2,1500.0,2000.0,2036.7,2546.7,2100.0,2216.7,2591.4,2216.7,2137.5,2016.7,2092.3,2116.7,2088.6,2035.0,2500.0,1250.0,1250.0,955.6,1000.0,332.9,830.3,698.9,850.6,661.0,720.8,669.8,773.5,587.0,423.9,630.6,224.4,686.5,861.9,589.6,741.8,787.7,796.8,898.9,558.8,751.0,753.7,870.7,1207.1,2296.8,1613.3,1500.6,1512.3,1521.4,1510.4,1405.8,1226.2,1279.0,1111.6,1227.3,1231.4,790.5,1265.0,1000.0,1000.0,1000.0
133,Mali,1500.0,1400.0,1304.3,1111.1,1111.1,1333.3,1333.3,1333.3,1333.3,1333.3,1333.3,1333.3,1333.3,1333.3,1333.3,1333.3,1333.3,1333.3,1333.3,1333.3,1333.3,1000.0,1000.0,1000.0,1809.5,676.2,1237.0,1510.8,1305.3,1199.1,2000.0,1398.7,3090.9,1627.8,2104.0,1965.8,1275.2,2492.5,2169.6,2351.5,2523.7,2568.7,2448.9,2529.6,2200.1,2402.5,2502.9,2440.9,2966.5,2554.3,3437.8,4028.5,3975.4,4442.0,3940.1,8927.3,6231.1,3541.9,1930.1,5303.4,3000.0,4601.7,5634.4
134,Malta,1374.6,1374.6,1600.5,1478.9,1601.5,1502.9,1432.2,1006.0,1380.1,1485.9,2108.8,2289.3,2300.4,1838.8,2202.6,2778.2,3443.7,2806.2,2726.2,3487.2,3910.4,4331.5,3970.2,3649.6,3770.7,3846.2,3692.3,3615.4,3750.0,3834.1,3642.9,3437.5,2900.0,2727.3,2625.0,3818.2,4107.3,3916.1,3957.6,4013.4,4000.0,5000.0,4000.0,4104.8,4157.9,4038.5,4285.7,4833.3,4928.6,4801.1,4768.7,4743.9,4778.0,4877.7,4992.0,4982.6,5031.1,5031.1,5031.1,5031.1,5031.1,5031.1,5031.1
136,Mauritania,222.2,222.2,211.1,200.0,222.2,606.1,605.3,605.3,631.6,631.6,645.2,555.6,500.0,500.0,483.9,595.2,750.0,529.4,500.0,525.0,666.7,688.9,695.7,1000.0,1000.0,1000.0,1019.6,1035.2,1054.7,1076.9,1200.0,1234.0,1000.0,1216.9,1289.3,1318.8,1000.0,1416.5,1508.8,1546.4,1600.5,1673.1,1666.7,2490.6,2000.0,2102.6,2000.0,2000.0,1978.0,2082.0,1601.8,2127.8,2117.2,2020.3,2014.3,2150.4,2128.8,2132.7,2148.6,2191.9,2162.9,2174.5,2186.0
138,Mexico,1675.8,1946.2,2078.8,2692.2,2505.5,2254.2,2726.7,2631.7,2764.9,3020.2,2981.0,2634.5,3264.6,3602.2,3595.6,3761.5,3464.4,3666.3,3913.8,3847.6,3714.1,4356.3,4041.0,4357.7,4284.3,3967.1,4468.6,4015.4,3823.5,4214.3,4127.2,3953.0,4082.1,4303.4,3732.0,4170.6,4734.7,4207.7,4631.0,4935.5,4766.1,5099.9,4491.2,4487.1,4751.7,5227.4,5082.4,5013.4,4968.8,5418.5,5477.8,5656.8,5293.4,5193.5,4525.6,5338.8,5296.7,5437.3,5530.8,5321.2,5994.4,6060.3,6203.1
141,Mongolia,368.5,901.3,836.2,941.6,803.9,661.8,840.1,543.4,328.5,719.0,950.2,540.4,1106.2,820.3,1157.3,864.2,906.0,672.3,567.4,563.2,721.3,1021.1,1457.9,999.2,1428.2,1420.3,1161.5,1370.9,1300.9,1118.7,1014.5,861.1,903.8,749.5,736.6,662.8,761.4,637.1,610.4,776.8,720.0,589.8,791.4,807.2,477.5,1083.0,939.2,1398.7,1559.3,1380.5,1496.1,1565.0,1336.9,1698.0,571.7,1315.4,853.8,1416.4,1281.5,1235.1,1442.7,1122.8,1320.4
143,Morocco,452.8,1027.4,872.7,941.2,951.8,610.1,739.9,1321.4,749.9,951.6,1090.8,1081.3,771.8,966.6,931.2,1139.1,634.5,1070.1,1084.3,1056.2,541.6,1295.2,997.1,1072.0,1245.0,1713.8,1060.8,1735.2,1493.4,1329.0,1869.9,701.1,680.8,1811.1,554.3,1841.5,929.2,1418.4,800.4,475.8,1228.0,1279.3,1722.0,1808.2,1026.1,2036.5,615.4,1318.9,2139.8,1709.5,1948.8,1234.2,2164.0,1713.2,2466.4,1131.5,2095.3,2575.2,1606.3,900.4,2633.5,1111.4,1708.3
144,Mozambique,765.2,789.5,952.4,701.8,1000.0,1100.0,862.4,920.2,866.7,920.2,1046.2,1000.0,1333.3,1000.0,1000.0,600.0,400.0,600.0,630.8,1000.0,1818.2,1600.0,1500.0,1500.0,1250.0,1250.0,750.0,1250.0,1250.0,1800.1,1500.0,1111.1,1161.3,1146.4,1140.1,1135.6,1132.8,1133.7,1137.2,1000.0,1000.0,1038.5,1187.5,1087.0,1107.1,1235.3,1176.5,1250.0,1250.0,1336.7,1704.2,995.8,1095.1,1090.0,1078.7,1093.8,1103.2,1132.7,1125.0,1153.8,1153.8,1000.0,1000.0
28,Myanmar,307.8,412.4,558.2,676.2,644.5,634.4,497.9,576.3,468.4,555.0,624.3,549.9,547.9,455.5,745.2,652.6,878.3,1025.6,503.7,1106.4,1110.0,1334.1,1263.0,1594.2,1743.1,1713.0,1730.0,1309.7,1073.7,954.4,957.9,938.9,933.4,820.9,842.4,946.3,1032.8,959.2,1095.9,1149.4,1190.2,1267.9,1287.0,1393.5,1393.4,1526.2,1579.2,1711.7,1729.7,1781.9,1777.9,1784.0,1807.8,1847.2,1861.6,1185.9,1883.2,1872.7,1879.9,1863.4,1861.8,1845.9,1379.3
147,Namibia,986.7,1205.0,1333.3,1333.3,1555.6,1500.0,1500.0,1500.0,1750.0,1750.0,1750.0,1750.0,1750.0,2000.0,2000.0,2000.0,2000.0,2000.0,2500.0,2500.0,2857.1,3125.0,3000.0,2916.7,2666.7,2961.0,2755.6,2633.7,4866.7,4425.0,5900.0,5193.3,4384.6,5250.0,5517.2,4384.6,4636.1,4933.6,3644.0,5098.3,6046.4,6372.4,6250.9,4162.2,4525.5,5930.8,5134.2,6142.0,6721.4,6094.2,6121.9,6169.7,6215.5,6666.7,5639.5,4728.9,5306.1,5306.1,5505.8,5560.0,5560.0,5412.5,5805.4
149,Nepal,1227.3,1232.1,1228.4,1225.7,1260.0,1245.8,1261.9,1066.1,1119.6,1173.3,846.6,933.2,1204.5,1125.8,1137.5,1177.8,1039.0,1119.9,1165.8,1199.3,1218.0,1315.2,1357.2,1343.3,1181.1,1238.6,1309.1,1247.8,1385.1,1414.9,1410.3,1333.8,1246.0,1470.4,1441.6,1550.0,1607.2,1546.3,1695.5,1793.1,1806.3,1885.9,2009.2,2087.3,2134.4,2074.5,2156.3,2225.2,1933.8,2128.9,2274.7,2412.3,2290.2,2496.0,2591.4,2328.8,2553.8,2757.3,2849.0,3088.7,2991.7,2991.1,3007.4
150,Netherlands (Kingdom of the),3925.1,4547.5,4196.2,4706.4,4442.9,4044.7,4790.6,4423.4,4357.8,4545.7,4968.7,4311.1,5255.2,5733.4,4935.8,5437.4,5230.4,6566.5,5938.2,6202.1,6700.8,7389.6,7036.8,7885.4,6645.1,7998.0,6935.9,7227.3,7597.7,7652.8,7660.8,8015.4,8771.2,8067.4,8618.9,8961.2,7730.9,7695.6,8331.1,8359.2,7944.7,7814.5,8743.9,8914.9,8593.2,8394.0,7271.4,8729.5,9291.9,8909.2,7781.2,8587.0,8741.2,9169.8,9125.5,7983.2,9093.5,8614.7,9378.1,8556.0,8018.0,9393.1,8467.0
153,New Caledonia,2500.0,2500.0,2500.0,2500.0,2500.0,2500.0,3000.0,2687.5,2900.0,2857.1,1333.3,2500.0,3350.0,3250.0,3000.0,2000.0,2000.0,2222.2,1206.9,1063.8,1397.8,1624.6,824.7,732.7,1835.0,1839.2,1500.0,1320.0,1130.0,731.7,1381.2,2027.3,1851.9,1957.1,1940.0,1873.0,1888.9,1975.0,1750.0,1800.0,1850.0,1875.0,1900.0,1894.5,1893.2,1896.3142857142857,1899.4285714285716,1902.5428571428572,1905.6571428571428,1908.7714285714285,1911.8857142857144,1915.0,1919.4,1310.8000000000002,702.2,654.3,601.7,522.4,592.8,509.4,561.8,550.3,537.7
156,New Zealand,3351.7,2828.5,2727.7,3319.5,3361.8,3613.8,3727.2,3492.6,3535.2,2648.2,3339.0,3646.1,3492.2,3183.0,3119.8,3741.8,3678.8,3613.4,3385.1,3557.4,4009.2,4084.3,4243.1,4580.0,4309.3,4156.4,4059.9,4070.1,3567.9,4884.2,4814.9,5054.3,5369.8,5414.5,4682.3,5473.8,5660.7,6216.0,6061.0,6209.5,7428.6,7146.7,7486.3,6550.1,8092.0,6896.3,8496.6,8112.0,7491.8,8124.1,7285.8,8924.5,9105.3,8626.7,8672.2,9197.1,9864.4,8959.6,8852.2,9933.2,9712.2,9390.0,9668.1
158,Niger,1227.0,1200.4,1276.6,1169.8,856.4,1224.8,1240.0,666.7,981.6,907.0,906.3,1284.7,935.8,1018.5,1285.7,1111.1,1583.3,2303.9,1088.9,1000.0,1000.0,1047.6,1190.5,1910.6,1979.9,1980.2,1500.0,1000.0,1142.9,2888.9,2600.0,2800.0,2200.0,2880.0,3444.4,2125.0,2000.0,2205.1,2111.5,2004.9,1878.3,1060.6,1710.0,1718.8,1744.3,1499.2,1489.4,1825.1,1891.7,1990.9,1977.0,1653.7,3009.0,2513.2,2066.4,2008.5,2753.6,2961.5,2836.8,2891.1,2864.3,2826.0,2861.4
159,Nigeria,1777.8,1777.8,1777.8,1818.2,1818.2,1818.2,1909.1,1818.2,1818.2,1727.3,1739.1,1739.1,1428.6,1500.0,1636.4,1800.0,2000.0,2000.0,2200.0,2400.0,2600.0,2600.0,1857.1,1687.5,2054.5,1970.1,1930.6,1250.0,1200.0,833.3,1200.0,1333.3,2328.6,2346.7,2180.0,2043.5,2640.0,2000.0,2012.0,1403.8,980.8,981.8,1035.7,1069.0,1100.0,1127.0,1692.3,1656.3,1666.7,1484.4,1279.1,1018.9,1000.0,1304.3,1000.0,1000.0,1677.9,1714.2,1682.6,1100.0,3125.5,2189.1,1586.8
162,Norway,2830.0,2052.5,2565.2,2796.2,2781.1,2353.8,3213.8,3405.1,2902.6,3007.0,3606.8,3352.4,3822.1,4380.6,3312.4,3241.0,3716.5,3891.5,4014.0,4187.9,4565.2,4528.8,4234.5,5103.3,4356.4,4002.5,4294.6,3400.6,3653.8,4663.4,4654.7,3529.5,5109.6,2836.2,4746.8,4525.8,4310.1,4687.8,4453.3,4602.5,4073.8,4099.4,4613.5,4766.8,4892.5,4163.4,4397.3,4865.3,3406.9,4597.5,3851.7,4101.1,3884.1,4921.1,5774.5,4633.9,5286.8,2347.7,5601.7,4765.8,4165.6,5103.4,2668.4
221,Oman,1400.0,1400.0,1363.6,1363.6,1363.6,1416.7,1416.7,1541.7,1541.7,1666.7,1666.7,1666.7,1666.7,1666.7,1666.7,1666.7,833.3,458.3,496.7,500.0,1188.7,3778.1,3778.1,3778.1,1100.9,1098.9,1101.5,1495.7,1914.9,2380.0,2307.7,2314.8,2363.6,2366.1,2368.4,2379.3,2500.0,2566.7,3000.0,3189.6,3182.6,3164.8,3270.3,3088.8,3191.9,2808.0,3050.9,3057.1,3097.5,4126.4,3306.4,4651.2,3674.5,3663.1,2988.2,4284.2,4284.2,3852.5,3849.8,2533.2,3231.2,2008.5,2628.0
165,Pakistan,822.2,817.8,830.3,829.2,863.1,759.7,811.0,1072.7,1074.4,1171.0,1083.3,1188.7,1246.5,1248.0,1320.2,1422.2,1431.0,1315.6,1487.9,1568.0,1643.1,1565.1,1678.1,1481.9,1612.3,1880.6,1559.3,1734.3,1865.5,1824.9,1841.0,1991.0,1946.6,1893.5,2081.1,2018.4,2053.3,2237.6,2169.8,2490.7,2325.4,2262.1,2387.8,2373.3,2585.8,2518.6,2715.6,2451.4,2656.8,2552.8,2832.8,2713.8,2795.7,2824.1,2725.6,2779.0,2972.9,2850.5,2805.9,2867.5,2995.6,2919.6,3117.6
169,Paraguay,900.0,700.0,907.2,648.1,1000.0,1100.0,1201.0,1013.3,914.1,733.3,1064.1,546.6,1133.0,1163.2,709.2,1208.7,981.3,1200.0,1239.4,1700.8,1237.7,1315.7,1201.6,1200.4,1599.8,1599.6,2097.1,1899.2,1497.7,1657.1,1563.6,1657.1,2213.1,2149.4,1209.4,2454.4,1786.2,1141.9,958.4,1810.1,1833.4,1726.3,2200.0,2200.0,2191.8,1698.6,2500.0,2098.6,2100.0,2500.0,2504.9,2601.0,2600.0,1500.0,1898.6,2200.0,2000.0,1680.0,2800.0,2709.8,2061.7,2246.1,2877.0
170,Peru,1001.2,992.6,1015.7,958.8,958.0,925.3,952.0,830.0,932.7,920.3,882.3,890.1,901.1,924.1,945.3,952.0,1002.3,1007.6,1060.6,939.4,1022.5,1059.7,947.4,1030.0,1138.8,1236.2,1275.8,1322.8,1355.1,1084.7,855.3,1330.4,1481.2,1242.0,1264.3,1249.9,1115.0,1164.8,1287.7,1279.7,1246.5,1345.6,1377.9,1387.2,1344.0,1336.0,1256.2,1383.9,1431.5,1422.4,1471.9,1489.1,1497.6,1555.4,1552.9,1562.3,1505.0,1540.3,1562.3,1633.4,1713.1,1767.1,1744.7
173,Poland,1992.9,1938.3,1989.0,1872.0,2063.9,2150.1,2240.4,2476.8,2396.9,2321.1,2647.8,2513.5,2959.9,3200.7,2826.4,3135.5,2894.6,3255.1,2703.2,2595.7,2964.8,3073.4,3359.8,3522.0,3428.3,3704.5,3723.9,3480.2,3854.2,3957.5,3803.2,3063.5,3327.9,3181.7,3601.5,3457.4,3206.4,3624.3,3504.2,3226.8,3533.6,3853.9,3404.7,4281.1,3954.5,3244.7,3938.1,4071.6,4172.5,4429.0,4134.8,4143.8,4436.7,4972.1,4574.4,4580.2,4877.3,3987.1,4303.5,5234.2,4975.3,5239.4,5280.0
174,Portugal,651.5,885.7,800.2,688.7,975.0,608.7,1111.2,1242.5,828.1,937.5,1570.5,1214.5,1206.1,1176.3,1303.7,1292.1,873.5,708.4,882.9,1220.5,927.6,1200.4,986.8,1595.2,1395.3,1581.4,1647.3,1376.8,1913.3,1426.9,2098.2,1291.4,1686.1,1966.7,1387.2,1713.9,1190.5,1015.1,1598.6,1567.8,837.1,1790.4,858.1,1562.5,664.4,2384.7,1863.0,2302.8,1700.8,1430.5,1200.2,1076.6,1763.5,2065.7,2023.2,2356.5,2054.2,2593.8,2701.4,2770.4,2422.9,1994.2,1401.4
179,Qatar,1400.0,1400.0,1400.0,1400.0,1400.0,1400.0,1400.0,1400.0,1400.0,1400.0,1400.0,1500.0,1700.0,1333.3,800.0,933.3,1285.7,2187.5,2181.8,2351.9,2321.4,3227.8,2678.0,2703.1,2333.3,2363.6,2340.9,2295.8,2333.3,2299.6,2304.8,2308.8,2310.3,2306.5,2296.9,2288.1,2307.7,2295.1,2305.6,2305.6,2333.3,2272.7,2333.3,2444.4,2333.3,2000.0,2318.8,3000.0,2333.3,2250.0,2363.6,2285.7,2263.2,2500.0,2398.15,2296.3,2285.7,2500.0,2333.3,2300.0,2311.9,1800.0,3000.0
117,Republic of Korea,2265.7,2009.3,1655.9,2121.9,1980.0,2058.5,2054.8,2190.0,2390.0,2260.0,2267.4,2375.0,2308.0,2034.1,2217.6,2222.7,1684.4,2089.1,3207.0,3299.7,2901.1,3348.2,4221.3,2688.7,3425.7,2937.9,3023.5,3284.2,3079.7,3023.8,3095.5,3365.9,2711.2,3704.5,4438.6,3919.3,4044.1,3484.7,3669.9,2545.2,3104.9,3226.8,3051.2,3328.9,3205.8,3342.9,3812.8,4063.9,3706.7,3117.3,3348.4,3909.8,2585.2,3260.3,2623.4,3707.4,4031.6,3907.3,4021.4,3251.3,4229.4,4184.8,4466.3
183,Romania,1343.8,1332.3,1321.6,1292.3,1990.0,1669.1,1997.6,1720.9,1576.0,1445.9,2237.4,2393.9,2326.9,2089.0,2072.9,2808.7,2835.6,2671.2,2170.1,2790.9,2501.4,2839.9,2216.0,3130.5,2338.1,2511.2,2813.4,3594.2,3380.8,3235.1,2540.6,2195.0,2329.1,2543.5,3090.3,1764.5,3010.3,2596.3,2799.3,2299.6,3044.9,2058.0,1757.0,3477.5,2998.5,2773.7,1610.0,3422.2,2430.5,2700.0,3665.0,2659.3,3478.6,3598.4,3787.2,3948.4,4891.1,4793.5,4748.8,2966.0,4796.9,4004.4,4152.4
184,Rwanda,786.9,799.7,802.6,395.3,849.6,800.0,800.0,849.5,849.9,900.0,900.1,899.8,721.2,820.0,842.4,835.1,856.0,691.6,753.2,705.9,771.3,910.8,846.2,837.0,998.8,1034.8,922.0,1067.3,1155.6,1181.1,892.9,893.6,880.8,914.7,1044.2,1135.7,955.7,726.3,697.4,641.6,769.4,617.1,735.1,798.7,908.3,851.0,894.8,908.4,925.5,939.2,965.9,956.0,921.5,940.7,960.7,982.7,1015.7,1102.2,1185.3,1040.8,1039.3,1158.7,1255.5
194,Saudi Arabia,1470.6,1440.0,1636.4,1585.4,1750.3,1750.0,1647.1,1737.1,1857.1,1857.1,1392.3,1006.0,2044.6,1842.3,2126.2,1254.8,1740.4,2001.7,2090.7,2108.3,2547.3,2758.8,3335.8,3468.7,3634.4,4042.9,4402.1,4498.2,4423.9,4646.1,4503.0,4460.9,4488.6,4550.3,4472.0,4382.1,4449.7,4499.9,4252.6,4264.0,4908.1,4887.5,4884.9,5306.6,5417.5,5617.2,5684.4,6087.7,5883.3,6147.4,6142.9,5925.4,6433.3,5880.0,6142.0,5925.0,6433.3,6533.4,5902.3,6375.5,6700.0,6800.0,6699.1
201,Somalia,0.0,0.0,0.0,0.0,0.0,0.0,0.0,0.0,0.0,0.0,0.0,0.0,0.0,0.0,0.0,0.0,0.0,0.0,0.0,0.0,0.0,0.0,0.0,0.0,361.1,361.1,370.3,370.3,368.4,370.0,366.7,368.4,370.0,370.1,370.8,371.4,372.4,375.0,372.2,369.2,365.4,373.6,376.3,378.6,387.1,369.2,378.5,380.6,383.4,386.8,390.1,400.0,400.0,395.1,395.6,395.8,396.4,397.1,397.9,398.8,399.5,400.4,401.3
202,South Africa,619.0,512.7,579.3,803.6,482.4,483.2,829.7,746.7,711.4,723.3,830.8,865.6,924.0,855.8,974.4,1147.5,1027.9,892.9,1096.7,904.7,1300.2,1214.1,980.8,1208.0,853.8,1198.9,1803.3,1801.9,1090.6,1093.4,1491.6,1765.3,1845.4,1756.1,1450.7,2096.1,1757.5,2529.5,2413.7,2599.7,2570.8,2590.6,2068.0,2032.5,2366.5,2751.6,3014.2,2847.6,3047.5,2562.3,3315.7,3747.6,3699.3,3672.1,2986.6,3757.1,3122.5,3711.1,2842.6,4158.5,4364.9,3722.7,3810.8
203,Spain,883.7,1130.7,1145.6,960.9,1107.7,1164.6,1326.3,1340.1,1227.1,1081.3,1490.8,1271.8,1258.4,1433.0,1616.9,1600.3,1496.9,1746.4,1600.3,2237.9,1293.4,1656.8,1639.2,2624.9,2607.9,2077.6,2607.4,2785.2,2359.7,2378.9,2459.2,1942.6,2449.2,2184.3,1476.1,3001.6,2249.8,2842.4,2098.7,3099.7,2300.3,2834.7,2923.6,3262.8,1770.7,2875.5,3569.2,3248.3,2710.3,3049.8,3447.5,2371.8,3644.7,2980.6,2923.6,3488.6,2326.3,4032.8,3146.3,4253.2,4023.8,2995.7,2068.3
206,Sudan (former),1609.8,1658.8,1363.5,1575.8,983.3,1203.3,1082.5,979.3,1117.3,945.8,1342.6,1024.9,1460.1,1335.2,1083.5,902.1,1086.8,1261.0,684.3,1211.2,1187.5,1027.5,1862.1,1115.6,1635.6,1316.1,1325.3,1256.2,1497.0,1585.7,1481.9,2211.1,1379.0,1328.7,1611.3,1769.8,1949.7,2294.1,1211.3,2326.6,2522.5,2138.5,1964.5,2416.7,2461.5,3832.0,2825.8,1945.8,1604.2,1793.5,1598.2,1598.2,1598.2,1598.2,1598.2,1598.2,1598.2,1598.2,1598.2,1598.2,1598.2,1598.2,1598.2
210,Sweden,3262.7,3060.9,3016.9,4105.3,3750.0,3037.2,4445.7,4327.1,3454.2,3634.1,4053.4,4216.2,4517.6,5304.1,4831.3,4466.8,4070.2,4489.1,4125.6,4145.5,4770.7,5261.1,5128.6,5633.7,4830.3,5566.1,4791.3,5176.2,6194.0,6449.4,5859.1,5324.9,5899.3,5340.3,5944.1,6059.7,5974.2,5649.4,6023.6,5906.6,5941.2,6148.7,5484.9,5979.8,6333.4,5462.7,6257.1,6108.7,6077.6,5396.6,5378.6,6237.9,5779.2,6806.0,7213.2,6320.4,6989.1,4349.8,7405.5,7156.1,6319.4,6995.0,5454.3
211,Switzerland,2713.4,3864.8,2872.5,3643.5,3226.7,3228.1,4025.7,3852.1,3526.0,3566.4,3981.9,4202.1,3785.2,4637.1,3959.3,4391.7,3621.2,4589.2,4914.0,4362.8,4703.0,4915.7,4892.4,6262.3,5668.8,5098.0,4845.7,6018.1,6573.5,5637.6,5947.1,5511.4,5938.2,5492.5,5979.8,6614.9,5978.7,6181.1,5260.9,5947.7,5511.6,5634.0,5055.0,6117.7,5731.6,5813.0,5980.3,6001.4,6021.4,5749.0,6295.2,5776.3,5383.4,6348.9,5988.2,4370.5,6094.0,5830.1,5751.4,6218.6,5139.5,5465.7,5139.7
212,Syrian Arab Republic,575.4,969.6,763.2,745.4,860.0,655.3,873.4,673.4,821.8,465.9,675.9,1335.3,402.1,1060.3,916.0,1125.7,796.8,1061.3,913.4,1536.0,1662.9,1273.4,1249.3,964.3,1354.8,1793.3,1400.1,1877.8,823.2,1543.6,1686.4,2205.6,2618.2,2383.8,2545.7,2520.0,1721.4,2388.5,1679.0,1849.8,2817.8,2843.6,2735.5,2477.8,2452.3,2759.9,2423.1,1439.7,2575.4,1928.0,2536.6,2251.7,2315.8,1571.8,2338.5,1429.9,1581.9,1115.0,2292.7,2109.1,1245.4,1310.2,2306.2
222,Tunisia,547.1,800.0,800.0,766.7,800.0,812.5,733.3,800.0,685.7,576.7,776.5,1015.8,936.8,902.1,984.2,810.0,787.0,792.8,664.1,1018.8,1229.9,1282.9,664.5,790.4,1335.9,1166.7,1400.5,1247.0,754.0,1272.1,1700.6,1703.0,1370.0,1069.4,1278.0,1615.1,1106.1,1424.8,1418.4,1172.7,2000.0,1414.4,2141.2,1663.4,1691.8,1494.1,1876.2,1717.4,2103.8,1892.3,2079.1,2020.3,1461.4,2093.0,1398.5,1822.7,1636.0,1734.5,2262.8,1719.5,1952.5,1960.3,1215.8
223,Türkiye,909.3,1081.8,1270.0,1053.8,1074.9,1204.0,1246.3,1149.8,1229.2,1170.1,1548.5,1409.6,1190.8,1257.9,1593.1,1785.9,1785.4,1803.4,1873.0,1848.4,1835.7,1942.4,1775.5,1918.7,1836.4,2034.2,2033.4,2186.1,1758.0,2122.7,2128.8,2040.5,2164.2,1797.5,1931.5,1985.2,2017.4,2256.4,1940.9,2292.8,2076.5,2100.6,2098.7,2265.8,2330.9,2359.5,2167.5,2345.1,2566.4,2440.0,2703.8,2672.3,2845.1,2429.4,2880.3,2707.0,2806.0,2744.0,2781.1,2964.7,2664.9,2991.6,3219.9
226,Uganda,2731.5,2731.5,2731.5,2731.5,2731.5,2731.5,2734.6,1666.7,1666.7,1980.0,1750.0,2300.0,2300.0,2000.0,2333.3,2412.1,2065.8,2106.1,1666.7,2125.0,2000.0,2000.0,2400.0,1750.0,2000.0,1554.1,2164.5,2166.7,2200.2,2000.0,1800.0,1760.0,1800.0,1800.0,1800.0,1800.0,1800.0,1800.0,1833.3,1714.3,1750.0,1750.0,1666.7,1666.7,1666.7,1800.0,1727.3,1727.3,1666.7,1666.7,1769.2,1428.6,1428.6,1576.9,1600.0,1581.0,1561.3,1598.8,1621.3,1666.7,1666.7,1666.7,1666.7
229,United Kingdom of Great Britain and Northern Ireland,3537.2,4352.7,3905.1,4247.5,4065.3,3835.5,4183.2,3547.1,4038.3,4193.9,4389.0,4241.2,4365.4,4971.2,4334.4,3850.5,4900.6,5252.6,5229.2,5878.2,5841.7,6205.7,6371.7,7720.5,6333.3,6965.9,5988.0,6214.2,6736.9,6971.2,7251.9,6819.4,7328.2,7352.0,7699.2,8131.5,7377.6,7554.2,8049.5,8007.5,7082.7,8002.8,7779.8,7775.4,7960.9,8036.1,7224.4,8281.4,7928.4,7674.6,7747.1,6657.1,7383.8,8578.6,8976.0,7889.7,8279.6,7754.6,8934.5,6963.2,7814.5,8590.4,8127.9
215,United Republic of Tanzania,762.5,976.6,1114.3,1084.0,1000.6,1125.6,1132.2,1157.9,1078.9,950.0,766.2,963.8,1535.1,1782.6,1232.1,1306.1,1929.8,1346.2,1596.3,1406.3,1862.7,1278.9,1554.0,1595.8,1696.1,1813.7,1822.8,1415.3,1676.8,2038.1,1670.0,1455.5,1342.0,1209.0,1381.7,1395.7,1386.9,1121.7,1436.3,456.1,1707.6,2510.6,2752.0,1948.8,2883.8,2066.7,1098.6,1004.6,552.1,1142.9,1040.4,991.5,970.0,1657.3,846.8,1109.4,1183.9,1090.1,1502.9,1287.9,1000.0,1100.0,1442.0
231,United States of America,1607.0,1680.9,1694.9,1734.4,1785.3,1768.8,1737.5,1911.6,2058.0,2086.5,2282.9,2198.3,2124.8,1833.3,2058.2,2037.5,2062.9,2113.6,2298.0,2251.3,2322.9,2385.9,2650.9,2607.3,2519.7,2316.7,2533.0,2291.3,2202.4,2656.7,2303.8,2643.3,2569.9,2527.0,2406.5,2438.9,2657.4,2903.4,2872.6,2823.8,2701.8,2356.7,2971.2,2902.6,2823.1,2598.6,2704.6,3017.5,2989.7,3116.7,2942.2,3115.4,3167.3,2937.8,2929.9,3540.8,3117.5,3200.5,3474.6,3341.7,2980.5,3126.5,3269.4
234,Uruguay,852.3,1128.9,668.3,1225.2,1134.2,866.2,647.5,882.9,992.1,1153.3,888.1,1008.3,1048.2,1225.3,999.9,993.8,539.0,795.2,1362.3,1348.5,1310.7,1523.1,1656.5,1543.6,1162.7,1243.0,1842.5,2341.0,2392.0,1851.0,1613.5,2303.5,1601.8,2565.3,2335.9,2595.7,1984.3,2892.9,1953.7,2534.4,1148.8,2000.0,1501.1,2769.8,2970.4,2958.3,3160.3,2842.0,2856.0,3358.3,3219.6,3397.9,2182.2,3317.7,2696.7,3608.2,3520.9,2279.8,3667.3,3268.6,4182.2,4250.1,5036.7
236,Venezuela (Bolivarian Republic of),540.3,525.8,524.9,554.0,580.6,500.0,515.1,475.7,372.1,377.5,432.8,443.1,459.9,398.1,366.9,405.2,395.5,380.9,373.9,400.9,399.2,373.1,379.7,367.0,383.9,350.2,331.2,334.0,338.2,344.4,345.9,376.5,419.1,483.2,397.7,870.9,1259.5,1645.3,2003.7,2574.9,2743.7,3000.0,2980.4,3000.0,2960.5,3013.7,3000.0,2987.0,2979.2,2994.2,3000.0,2986.3,2981.5,2981.5,2983.3,3000.0,2798.0,2670.5,2946.8,2829.7,2827.2,2785.3,2759.2
249,Yemen,1307.7,1296.3,1298.2,1296.9,1339.3,1302.7,1334.3,1205.9,1119.0,910.2,1138.6,1022.7,1107.1,1119.5,1230.0,1177.0,1113.5,786.7,1086.4,1000.0,1107.4,1148.1,699.1,764.6,1028.2,1337.8,1518.5,1734.4,1721.8,1582.6,1154.3,1565.2,1609.2,1703.5,1683.1,1409.6,1230.2,1503.4,1620.7,1624.6,1618.5,1474.0,1199.7,1232.3,1313.4,1347.4,1544.1,1384.6,1890.1,1784.3,1866.7,1809.5,1691.5,1720.6,1669.2,1558.3,1558.8,1433.2,1745.9,2148.5,2264.4,1666.7,1666.7
251,Zambia,1600.0,1685.9,2014.0,1475.9,2276.6,1975.6,1658.3,1333.3,2200.0,1010.0,1000.0,990.0,1000.0,2951.7,3048.1,4935.0,3359.0,3338.1,3108.6,4068.8,3287.5,3818.9,3592.6,3788.3,3431.2,4999.4,3740.4,4246.5,4721.9,4393.8,4384.1,4100.4,5073.7,5269.2,4870.5,5577.1,6622.1,5668.1,6977.7,6210.2,6666.7,6250.0,6428.6,6118.1,6210.4,5494.6,6151.1,9938.7,5699.1,6311.8,6306.8,6813.5,6543.5,7155.9,6880.2,6600.5,7243.9,5280.8,6687.8,7368.0,6790.5,6998.6,7592.0
181,Zimbabwe,1467.3,1589.5,1953.0,2689.6,2353.3,2009.1,2690.7,3579.8,3234.3,3532.6,3962.0,3678.3,3887.4,3631.1,3854.1,4244.1,3897.5,4498.8,4393.1,4972.2,4980.8,5133.5,5766.5,5861.1,5454.4,5913.0,5798.6,5709.1,5676.7,5821.1,5891.2,5089.3,5770.8,5464.9,5036.0,5499.9,5600.0,5500.0,5500.0,5400.0,5300.0,5000.0,3000.0,3500.0,3500.0,3600.0,2999.8,3009.7,3000.0,2778.8,2660.4,2490.2,2343.0,2215.0,2048.6,1901.3,1754.2,2717.8,3914.9,4779.6,5075.9,5154.2,4553.8
5000,World,1088.9,1206.0,1132.0,1241.3,1215.1,1407.9,1339.2,1453.4,1417.4,1494.1,1624.5,1604.6,1683.6,1615.5,1570.1,1791.1,1672.4,1932.8,1852.2,1855.4,1880.0,1999.2,2125.8,2220.1,2171.9,2321.3,2290.0,2292.6,2373.2,2562.6,2441.4,2534.0,2537.0,2477.7,2495.8,2564.0,2715.7,2706.3,2746.2,2731.6,2741.7,2755.1,2651.4,2942.6,2828.7,2890.5,2815.4,3062.5,3035.6,2972.1,3163.9,3093.4,3251.2,3319.5,3327.2,3418.3,3557.3,3444.5,3575.0,3499.6,3522.9,3704.4,3625.0
5100,Africa,693.0,923.6,899.0,873.6,828.7,760.4,842.3,992.2,810.3,870.3,982.8,991.8,940.2,971.1,1100.4,1117.7,926.9,1045.9,1045.8,1098.8,1134.0,1275.0,1123.1,1143.8,1247.6,1442.8,1501.3,1749.7,1481.1,1598.1,1894.2,1649.5,1627.6,1915.1,1621.2,2028.4,1797.6,1864.2,1809.9,1752.0,2024.5,2128.3,2213.1,2213.7,2135.3,2458.3,2042.7,2288.0,2526.2,2300.8,2582.7,2393.0,2791.9,2569.9,2845.6,2447.5,2563.6,2932.1,2750.9,2541.7,3225.9,2729.1,2862.4
5101,Eastern Africa,748.6,737.4,762.7,771.2,812.6,792.6,815.7,868.9,890.6,890.9,909.9,904.1,966.9,1007.8,1096.3,1264.5,1346.4,1231.2,1305.9,1397.4,1487.2,1358.0,1504.9,1244.1,1370.5,1361.7,1446.0,1506.1,1582.5,1728.7,1766.6,1538.3,1735.7,1493.6,1474.8,1494.6,1525.4,1589.2,1370.1,1325.4,1529.0,1651.6,1610.7,1690.2,1762.9,1689.6,1779.4,1725.2,1768.8,1975.2,2028.1,2163.2,2422.9,2432.8,2648.8,2491.3,2576.8,2670.1,2898.1,2977.1,3060.6,3033.9,3105.6
5102,Middle Africa,1057.1,1102.7,1122.5,996.5,1154.6,1171.0,1399.5,1278.9,1103.3,901.3,956.8,1157.0,1063.3,1352.2,1085.9,1030.0,761.8,715.3,747.3,800.3,826.9,822.9,766.4,616.2,788.1,1039.0,912.9,925.0,918.5,971.8,991.6,1196.3,1238.4,1313.8,1215.5,1401.1,1517.3,1514.5,1396.2,1392.0,1399.0,1470.0,1295.9,1273.8,1270.9,1160.1,1380.0,1361.3,1334.1,1285.8,1059.9,1527.0,1290.7,1189.3,1188.6,1210.3,1182.5,1185.4,1107.5,974.8,1062.2,1062.5,1008.7
5103,Northern Africa,695.9,1077.3,1017.1,910.6,914.5,810.7,847.8,1090.5,824.3,915.0,1057.3,1063.4,945.3,1001.2,1141.9,1092.9,835.0,1070.1,994.6,1113.2,1023.4,1286.0,1106.7,1105.4,1369.7,1547.2,1416.4,1791.4,1599.7,1723.1,2007.7,1654.0,1572.2,2025.5,1693.0,2103.6,1861.2,1843.1,1836.6,1724.1,2067.0,2182.2,2367.3,2349.4,2214.7,2638.0,2029.0,2387.3,2706.8,2381.6,2688.7,2382.3,2852.8,2550.9,2906.8,2350.6,2531.8,2966.2,2712.1,2307.8,3201.2,2547.4,2712.9
5104,Southern Africa,630.5,526.4,588.8,802.4,494.3,503.4,822.2,742.5,707.7,720.7,821.5,834.3,908.9,852.2,970.5,1138.2,1038.6,904.0,1094.9,907.3,1296.6,1208.3,975.2,1200.3,849.7,1195.3,1787.1,1786.0,1083.6,1089.3,1464.3,1751.7,1837.1,1724.7,1443.9,2086.7,1758.1,2505.0,2367.6,2552.8,2560.9,2526.5,2006.6,1996.0,2334.4,2703.9,2952.9,2784.7,2945.8,2549.2,3252.4,3690.5,3658.0,3602.3,2959.3,3711.5,3101.5,3669.0,2835.4,4139.0,4325.0,3692.6,3759.0
5105,Western Africa,1633.4,1608.2,1607.1,1639.0,1633.2,1709.3,1790.7,1678.8,1714.4,1625.1,1650.0,1653.7,1365.5,1413.7,1544.7,1657.6,1847.3,1903.6,1967.2,2109.3,2197.8,2135.9,1678.8,1669.5,2038.1,1937.5,1892.1,1240.3,1199.0,983.3,1318.6,1461.7,2314.3,2340.5,2208.2,2033.2,2504.9,2039.7,2028.4,1500.3,1131.0,1055.6,1116.3,1190.8,1188.1,1220.7,1753.1,1785.9,1802.7,1560.2,1436.9,1322.9,1302.8,1726.0,1449.8,1608.2,2088.0,1999.9,1758.9,1686.4,2938.1,2916.0,2301.1
5200,Americas,1298.1,1547.1,1656.8,1624.2,1633.4,1700.3,1547.5,1634.2,1838.0,1870.6,1949.7,1863.8,1913.4,1700.8,1869.7,1932.4,1883.4,1971.6,1954.9,1981.0,2109.5,2216.7,2280.5,2273.9,2194.1,2196.9,2266.5,1922.5,2067.4,2416.0,2238.1,2427.9,2432.3,2380.3,2343.0,2388.3,2462.3,2675.9,2702.4,2666.0,2465.2,2217.5,2640.5,2751.5,2755.3,2593.0,2626.8,2953.0,2791.8,3029.9,3047.8,3057.6,3240.8,2922.4,2882.5,3467.5,3201.2,3199.2,3379.2,3291.9,2839.0,3310.2,3005.4
5203,Northern America,1325.8,1581.0,1721.4,1594.6,1697.3,1808.2,1596.7,1762.7,1971.6,2019.7,2153.4,2037.1,1991.9,1746.2,1993.6,2054.0,2035.7,2077.3,2102.8,2102.7,2232.7,2314.2,2396.5,2281.1,2260.6,2275.8,2307.4,1892.5,2063.1,2529.4,2285.7,2473.0,2449.6,2406.7,2356.9,2436.1,2493.5,2703.0,2783.6,2696.5,2436.3,2189.1,2740.8,2819.7,2796.1,2602.3,2594.8,2968.2,2925.0,3024.0,2946.8,3037.3,3323.6,2986.4,2917.4,3554.2,3215.6,3228.6,3439.1,3420.4,2774.4,3241.6,3154.1
5204,Central America,1638.3,1889.0,2027.0,2610.9,2457.6,2200.5,2642.5,2573.9,2702.9,2949.9,2893.8,2572.7,3195.8,3471.4,3479.3,3662.9,3330.4,3500.0,3773.0,3719.9,3641.2,4275.0,3964.4,4307.3,4216.4,3922.1,4409.1,3957.3,3785.6,4171.9,4098.5,3924.3,4047.9,4270.3,3705.5,4135.5,4688.2,4176.9,4601.4,4905.1,4748.3,5078.6,4472.4,4462.0,4732.6,5209.6,5065.6,4999.5,4956.1,5400.2,5458.2,5633.8,5273.4,5175.8,4514.0,5322.2,5278.8,5415.1,5510.5,5300.8,5970.7,6038.1,6179.1
5207,South America,1135.8,1345.3,1379.1,1636.1,1244.6,1188.3,1213.8,1025.0,1272.2,1249.5,1182.7,1239.7,1433.7,1321.0,1252.6,1388.3,1095.8,1426.3,1307.4,1315.3,1339.5,1641.4,1679.6,1991.7,1629.0,1679.3,1884.3,1829.8,1881.3,1717.2,1828.9,2010.9,2129.0,1991.2,2098.0,1977.5,2170.2,2423.3,2206.8,2355.0,2389.7,2114.1,2203.3,2451.9,2501.1,2338.3,2538.0,2725.8,2102.0,2828.8,3183.3,2947.7,2696.2,2488.7,2623.2,2986.9,3003.3,2982.8,3087.2,2876.0,2823.9,3314.3,2448.3
5300,Asia,748.6,844.8,853.2,843.1,975.5,966.1,1034.2,1084.5,1099.4,1112.9,1225.7,1296.2,1216.2,1275.9,1419.5,1538.5,1412.0,1571.2,1738.3,1612.2,1741.6,1897.4,2053.4,2144.7,2131.7,2290.3,2188.8,2248.8,2297.5,2384.2,2392.4,2348.9,2339.2,2259.7,2376.4,2418.0,2616.1,2517.4,2650.2,2598.4,2601.0,2622.3,2594.1,2680.1,2685.1,2830.4,2865.3,2821.0,2946.4,2851.7,3050.6,3054.9,3114.0,3162.0,3190.8,3271.9,3368.4,3411.6,3481.7,3472.5,3436.6,3534.6,3511.4
5302,Eastern Asia,614.7,746.7,791.1,857.4,1050.5,1077.1,1145.8,1133.4,1094.5,1151.0,1276.6,1363.8,1334.4,1506.5,1636.8,1766.2,1461.9,1832.6,2123.0,1880.0,2091.7,2434.2,2780.9,2936.9,2914.7,3015.3,2951.4,2943.0,3013.3,3157.5,3060.4,3285.3,3470.5,3383.3,3499.3,3691.3,4058.6,3650.9,3909.6,3712.5,3776.7,3747.3,3899.4,4218.0,4242.6,4562.3,4580.3,4729.0,4686.9,4689.5,4779.1,4930.9,4995.6,5185.6,5310.1,5318.5,5416.6,5344.1,5552.6,5654.4,5718.3,5759.6,5698.1
5303,Southern Asia,854.2,867.9,796.5,769.9,884.3,812.8,875.4,1041.3,1084.7,1110.6,1131.4,1206.9,1179.7,1120.6,1245.5,1340.4,1318.0,1364.6,1469.5,1381.8,1492.3,1542.7,1636.8,1643.2,1668.5,1832.0,1686.3,1756.3,1913.2,1870.8,1993.8,2098.0,2053.2,2083.7,2251.4,2172.8,2312.5,2287.2,2345.5,2468.4,2404.8,2488.6,2416.3,2493.8,2457.2,2439.8,2569.9,2475.5,2633.4,2585.3,2658.7,2774.2,2791.0,2843.8,2637.6,2856.6,2993.8,3113.5,3166.9,3108.8,3164.8,3177.3,3226.9
5304,South-eastern Asia,307.8,412.4,558.2,676.2,644.5,634.4,497.9,576.3,468.4,555.0,624.3,549.9,547.9,455.5,745.2,652.6,878.3,1025.6,503.7,1106.4,1110.0,1334.1,1263.0,1594.2,1743.1,1712.1,1728.6,1306.0,1072.3,952.4,955.1,937.1,930.1,819.8,840.7,942.7,1028.6,955.9,1091.5,1143.0,1184.1,1260.2,1280.2,1386.4,1386.7,1516.2,1569.5,1700.5,1719.2,1770.8,1767.0,1773.5,1801.3,1837.9,1850.5,1183.7,1867.9,1855.8,1861.5,1844.8,1842.7,1826.7,1372.0
5305,Western Asia,849.9,1014.9,1124.9,969.9,1017.4,1080.0,1135.6,1087.8,1150.5,1037.9,1374.3,1394.0,1050.0,1185.5,1388.7,1574.1,1573.4,1550.3,1627.7,1674.7,1701.2,1753.1,1644.8,1820.2,1745.5,1973.6,2003.5,2177.8,1790.0,2112.0,2057.0,2046.8,2090.6,1828.1,1938.4,1959.5,1890.8,2138.8,1857.1,2101.9,2163.8,2243.0,2202.6,2293.4,2200.0,2399.7,2241.4,2253.5,2549.2,2340.8,2621.6,2611.6,2708.7,2361.0,2858.2,2673.8,2698.0,2600.8,2758.6,2877.4,2497.3,2780.4,3019.4
5400,Europe,1256.2,1326.9,1099.7,1351.8,1246.9,1603.5,1532.3,1674.4,1560.8,1734.0,1897.3,1886.4,2069.6,1947.9,1595.1,2048.4,1943.2,2335.1,2039.6,2189.1,1999.5,2185.9,2276.0,2477.3,2421.7,2658.5,2618.2,2699.6,2856.2,3086.7,2801.2,3208.7,3211.0,3132.4,3161.1,3207.2,3316.5,3406.6,3304.1,3320.3,3459.1,3512.3,3240.1,3859.4,3494.7,3466.8,3377.8,4024.6,3741.7,3608.1,3779.3,3553.2,3907.1,4245.0,4188.0,4029.0,4401.8,3995.6,4265.7,4141.0,4283.4,4514.4,4379.5
5401,Eastern Europe,1065.0,1055.0,817.5,1095.8,933.8,1425.9,1219.5,1411.6,1275.7,1517.7,1594.6,1558.8,1789.0,1529.6,1201.6,1740.2,1613.1,1990.1,1619.2,1720.4,1507.8,1642.2,1703.8,1645.1,1734.5,2034.3,1971.0,2011.2,2182.2,2421.3,1914.7,2361.7,2358.1,2115.9,2168.2,1978.2,2369.1,2089.5,2095.5,2015.6,2596.2,2490.7,2115.0,2679.0,2467.6,2344.1,2347.0,3015.1,2704.3,2448.7,2827.9,2360.1,2864.2,3205.8,3093.1,3322.0,3644.6,3255.3,3347.1,3387.6,3512.7,3841.3,3743.2
5402,Northern Europe,3256.6,3587.0,3333.8,3745.8,3673.4,3445.8,3894.5,3588.2,3743.3,3916.0,4179.0,4071.1,4179.6,4778.8,4268.4,3924.3,4551.8,4919.0,4907.2,5342.1,5500.7,5942.5,6007.5,7165.5,5908.1,6433.7,5626.6,6018.2,6572.0,6792.0,6934.1,5957.2,6126.5,6212.1,6726.4,6790.2,6398.3,6403.8,6600.4,6778.7,6156.5,6752.2,6469.5,6618.2,6695.0,6412.2,6211.8,6969.2,6624.1,6100.5,6096.8,6034.5,6054.5,6849.6,7214.9,6252.1,6850.6,5649.3,7015.7,6323.8,6248.8,6827.7,6163.0
5403,Southern Europe,1395.6,1563.4,1513.5,1488.7,1698.5,1769.3,1915.3,1805.1,1824.0,1769.5,2162.8,1964.1,2029.6,2282.9,2264.5,2379.6,2158.6,2402.0,2302.6,2632.9,2280.3,2467.9,2373.4,2991.2,2756.3,2710.4,2917.5,3000.0,2744.7,2873.1,3233.2,2751.0,2965.7,2959.3,2601.0,2954.8,2683.3,3181.8,2676.1,3060.4,2674.2,2936.7,2617.7,3415.9,2737.7,3199.1,3317.8,3576.8,3219.6,3282.9,3599.6,3274.4,3712.1,3395.0,3473.6,3896.2,3227.8,3966.2,3613.1,4179.5,4270.2,3591.2,3243.4
5404,Western Europe,2607.6,3208.8,2942.3,3300.2,3271.2,2971.2,3786.3,3848.8,3686.4,3539.6,4071.8,4322.6,4435.6,4624.4,4022.8,3899.9,4258.9,4977.7,4752.6,5013.7,4959.4,5248.6,5163.7,6274.2,5916.4,5662.5,5598.4,6168.6,6128.3,6368.7,6658.4,6257.3,6484.5,6678.9,6627.2,7192.2,6839.5,7402.9,7287.6,7109.0,7045.6,7188.2,6354.4,7766.8,7131.3,6889.8,6490.5,7444.4,7549.6,7091.0,6804.1,7149.2,7494.9,7813.0,7880.5,6174.2,7351.6,6717.1,7598.3,7129.0,7022.7,7221.7,7272.2
5500,Oceania,1156.9,1270.9,1357.5,1405.9,1021.6,1527.0,860.4,1389.6,1144.5,1241.4,1234.4,905.1,1365.2,1381.7,1412.1,1345.3,967.5,1781.3,1466.5,981.8,1394.4,790.9,1716.4,1562.6,1387.5,1469.7,1389.1,1592.9,1587.0,1647.9,1647.3,1488.5,1798.8,1984.0,1159.0,1810.0,2185.1,1861.5,1878.7,2024.4,1843.5,2126.0,932.0,2013.4,1653.7,2036.1,943.2,1102.4,1606.6,1598.7,2050.5,2177.7,1788.6,2031.1,1943.2,2006.1,2634.3,1944.4,1722.5,1507.1,2549.5,2869.0,3207.8
5501,Australia and New Zealand,1156.9,1270.9,1357.4,1405.9,1021.6,1527.0,860.4,1389.6,1144.5,1241.4,1234.4,905.1,1365.2,1381.7,1412.1,1345.3,967.5,1781.3,1466.5,981.8,1394.4,790.9,1716.5,1562.6,1387.5,1469.6,1389.1,1592.9,1587.0,1647.9,1647.3,1488.5,1798.8,1984.0,1159.0,1810.0,2185.1,1861.5,1878.7,2024.4,1843.5,2126.0,932.0,2013.4,1653.7,2036.1,943.2,1102.4,1606.6,1598.7,2050.5,2177.7,1788.6,2031.1,1943.2,2006.1,2634.3,1944.4,1722.5,1507.1,2549.5,2869.0,3207.8
5502,Melanesia,2500.0,2500.0,2500.0,2500.0,2500.0,2500.0,3000.0,2687.5,2900.0,2857.1,1333.3,2500.0,3350.0,3250.0,3000.0,2000.0,2000.0,2222.2,1206.9,1063.8,1397.8,1624.6,824.7,732.7,1835.0,1839.2,1500.0,1320.0,1130.0,731.7,1381.2,2027.3,1851.9,1957.1,1940.0,1873.0,1888.9,1975.0,1750.0,1800.0,1850.0,1875.0,1900.0,1894.5,1893.2,1896.3142857142857,1899.4285714285716,1902.5428571428572,1905.6571428571428,1908.7714285714285,1911.8857142857144,1915.0,1919.4,1310.8000000000002,702.2,654.3,601.7,522.4,592.8,509.4,561.8,550.3,537.7
5707,European Union (27),1807.4,2053.3,1897.1,2044.3,2278.9,2141.4,2536.5,2498.6,2430.8,2368.1,2835.8,2899.2,3025.3,3175.5,2969.0,3102.2,3153.6,3508.8,3257.2,3652.9,3508.6,3768.3,3607.3,4520.6,4083.4,4039.0,4114.6,4446.4,4467.2,4616.1,4692.7,4282.9,4267.6,4419.3,4431.6,4661.3,4536.8,4914.4,4710.6,4726.1,4634.2,4725.7,4322.0,5438.9,4900.4,4848.4,4655.2,5438.5,5211.0,5067.8,5146.8,5055.9,5458.6,5674.2,5813.8,5168.4,5677.6,5242.2,5758.7,5550.5,5739.3,5546.7,5508.6
5801,Least Developed Countries,935.1,907.4,815.0,891.1,901.3,843.9,982.9,998.5,1019.2,898.9,819.3,831.9,1074.1,1098.6,1119.5,1168.8,1137.4,1173.0,1178.2,1275.1,1303.1,1272.0,1385.7,1362.9,1365.3,1288.9,1374.0,1296.8,1318.3,1280.5,1281.7,1370.2,1290.5,1240.9,1341.9,1363.6,1479.2,1541.3,1441.2,1269.3,1418.7,1677.6,1636.8,1569.4,1797.6,1601.7,1849.2,1599.1,1878.4,1949.0,1866.5,2117.0,2227.7,2291.8,2520.8,2304.2,2424.5,2524.9,2523.2,2473.3,2577.7,2588.3,2615.3
5802,Land Locked Developing Countries,948.9,957.4,836.4,939.7,953.8,852.4,1075.9,1047.9,1050.0,942.6,853.4,824.5,1164.6,1163.1,1207.7,1218.0,1125.6,1158.4,1153.8,1188.4,1191.4,1242.2,1309.7,1220.2,1298.1,1308.2,1341.9,1329.4,1291.9,1252.5,1189.2,1387.0,1132.9,988.7,957.0,1023.1,1227.8,1122.8,1517.4,1256.5,1501.4,1589.8,1551.0,1449.4,1600.6,1646.1,1694.9,1466.7,1706.9,1446.8,1937.6,1539.2,1748.2,1770.8,1888.8,1874.3,1861.9,1853.8,1851.4,1889.1,1748.6,1922.4,1777.3
5803,Small Island Developing States,2500.0,2500.0,2500.0,2500.0,2500.0,2500.0,3000.0,2687.5,2900.0,2857.1,1333.3,2500.0,3350.0,3250.0,3000.0,2000.0,2000.0,2222.2,1206.9,1063.8,1397.8,1624.6,824.7,732.7,1835.0,1839.2,1500.0,1320.0,1130.0,731.7,1381.2,2027.3,1851.9,1957.1,1940.0,1873.0,1888.9,1975.0,1750.0,1800.0,1850.0,1875.0,1900.0,1894.5,1893.2,1896.3142857142857,1899.4285714285716,1902.5428571428572,1905.6571428571428,1908.7714285714285,1911.8857142857144,1915.0,1919.4,1310.8000000000002,702.2,654.3,601.7,522.4,592.8,509.4,561.8,550.3,537.7
5815,Low Income Food Deficit Countries,835.3,917.9,802.8,855.0,901.5,818.8,967.6,954.9,995.4,814.6,815.5,959.3,915.0,1118.1,1091.6,1186.4,1064.4,1157.5,1119.8,1343.7,1380.5,1263.1,1312.7,1168.8,1284.6,1387.5,1348.5,1426.9,1189.4,1389.8,1393.1,1612.9,1605.9,1539.7,1710.1,1717.1,1669.7,1896.5,1687.4,1604.9,1999.1,2344.0,2241.0,2213.2,2360.5,2294.4,2389.4,2044.7,2467.4,2411.7,2403.0,2504.6,2624.9,2525.6,2851.4,2581.9,2579.8,2575.3,2794.7,2725.7,2617.8,2754.1,2921.3
5817,Net Food Importing Developing Countries,853.9,952.4,906.5,951.5,953.4,845.1,915.3,1115.8,1030.1,1066.5,1059.3,1096.1,1188.2,1213.4,1267.4,1325.7,1240.5,1265.1,1333.1,1424.8,1436.5,1495.2,1512.6,1410.6,1543.8,1722.8,1529.1,1710.8,1728.8,1723.1,1825.1,1783.1,1719.9,1811.3,1854.6,1955.6,1867.7,2040.7,1923.3,1976.1,2093.6,2159.4,2260.4,2257.9,2303.4,2371.1,2341.0,2264.8,2537.0,2421.2,2606.4,2514.9,2725.3,2677.6,2807.0,2644.4,2820.2,2890.9,2765.3,2653.1,3032.3,2811.9,3007.7
